gene	transcript_id	cds_id	aa_seq
DPP3	ENST00000531272.6_1	chr11_66249672_66249941_66250522_66250640_66252644_66252733_66254011_66254026_+	MADTQYILPNDIGVSSLDCREAFRLLSPTERLYAYHLSRAAWYGGLAVLLQTSPEAPYIYALLSRLFRAQDPDQLRQHALAEGLTEEEYQSLILSPRLECSGVMLAHCKPPPPRFKHFSCLSLPSSWNYRRSWSMPRVFTPTWATTSPLVTPSLFPTCPRKSWNG
STAP1	ENST00000396225.1_1	chr4_68424528_68424647_68436802_68436873_68441103_68441216_68442921_68442977_68447023_68447189_68449292_68449420_68456602_68456671_68458978_68459074_68472014_68472072_+	MMAKKPPKPAPRRIFQERLKITALPLYFEGFLLIKRSGYREYEHYWTELRGTTLFFYTDKKSIIYVDKLDIVDLTCLTEQNSTEKNCAKFTLVLPKEEVQLKTENTESGEEWRGFILTVTELSVPQNVSLLPGQVIKLHEVLEREKKRRIETEQSTSVEKEKEPTEDYVDVLNPMPACFYTVSRKEATEMLQKNPSLGNMILRPGSDSRNYSITIRQEIDIPRIKHYKVMSVGQNYTIELEKPVTLPNLFSVIDYFVKETRGNLRPFICSTDENTGQEPSMEGRSEKLKKNPHIA
GNA11	ENST00000078429.8_1	chr19_3094650_3094785_3110147_3110331_3113328_3113482_3114942_3115070_3118922_3119051_3119204_3119357_3120987_3121174_+	MTLESMMACCLSDEVKESKRINAEIEKQLRRDKRDARRELKLLLLGTGESGKSTFIKQMRIIHGAGYSEEDKRGFTKLVYQNIFTAMQAMIRAMETLKILYKYEQNKANALLIREVDVEKVTTFEHQYVSAIKTLWEDPGIQECYDRRREYQLSDSAKYYLTDVDRIATLGYLPTQQDVLRVRVPTTGIIEYPFDLENIIFRMVDVGGQRSERRKWIHCFENVTSIMFLVALSEYDQVLVESDNENRMEESKALFRTIITYPWFQNSSVILFLNKKDLLEDKILYSHLVDYFPEFDGPQRDAQAAREFILKMFVDLNPDSDKIIYSHFTCATDTENIRFVFAAVKDTILQLNLKEYNLV
ADGRL2	ENST00000370713.5_1	chr1_82302670_82302742_82372702_82372915_82402412_82402521_82408653_82409453_82415873_82416166_82416702_82416805_82417641_82417826_82421561_82421744_82431742_82431867_82432088_82432293_82433710_82433883_82434862_82435071_82435998_82436218_82437536_82437602_82445553_82445644_82447492_82447660_82450267_82450395_82456075_82456083_+	MVSSGCRMRSLWFIIVISFLPNTEGFSRAALPFGLVRRELSCEGYSIDLRCPGSDVIMIESANYGRTDDKICDADPFQMENTDCYLPDAFKIMTQRCNNRTQCIVVTGSDVFPDPCPGTYKYLEVQYECVPYIFVCPGTLKAIVDSPCIYEAEQKAGAWCKDPLQAADKIYFMPWTPYRTDTLIEYASLEDFQNSRQTTTYKLPNRVDGTGFVVYDGAVFFNKERTRNIVKFDLRTRIKSGEAIINYANYHDTSPYRWGGKTDIDLAVDENGLWVIYATEQNNGMIVISQLNPYTLRFEATWETVYDKRAASNAFMICGVLYVVRSVYQDNESETGKNSIDYIYNTRLNRGEYVDVPFPNQYQYIAAVDYNPRDNQLYVWNNNFILRYSLEFGPPDPAQVPTTAVTITSSAELFKTIISTTSTTSQKGPMSTTVAGSQEGSKGTKPPPAVSTTKIPPITNIFPLPERFCEALDSKGIKWPQTQRGMMVERPCPKGTRGTASYLCMISTGTWNPKGPDLSNCTSHWVNQLAQKIRSGENAASLANELAKHTKGPVFAGDVSSSVRLMEQLVDILDAQLQELKPSEKDSAGRSYNKAIVDTVDNLLRPEALESWKHMNSSEQAHTATMLLDTLEEGAFVLADNLLEPTRVSMPTENIVLEVAVLSTEGQIQDFKFPLGIKGAGSSIQLSANTVKQNSRNGLAKLVFIIYRSLGQFLSTENATIKLGADFIGRNSTIAVNSHVISVSINKESSRVYLTDPVLFTLPHIDPDNYFNANCSFWNYSERTMMGYWSTQGCKLVDTNKTRTTCACSHLTNFAILMAHREIAYKDGVHELLLTVITWVGIVISLVCLAICIFTFCFFRGLQSDRNTIHKNLCINLFIAEFIFLIGIDKTKYAIACPIFAGLLHFFFLAAFAWMCLEGVQLYLMLVEVFESEYSRKKYYYVAGYLFPATVVGVSAAIDYKSYGTEKACWLHVDNYFIWSFIGPVTFIILLNIIFLVITLCKMVKHSNTLKPDSSRLENIKSWVLGAFALLCLLGLTWSFGLLFINEETIVMAYLFTIFNAFQGVFIFIFHCALQKKVRKEYGKCFRHSYCCGGLPTESPHSSVKASTTRTSARYSSGTQDIH
OMD	ENST00000375550.4_1	chr9_95177437_95177759_95178901_95179840_-	MGFLSPIYVIFFFFGVKVHCQYETYQWDEDYDQEPDDDYQTGFPFRQNVDYGVPFHQYTLGCVSECFCPTNFPSSMYCDNRKLKTIPNIPMHIQQLYLQFNEIEAVTANSFINATHLKEINLSHNKIKSQKIDYGVFAKLPNLLQLHLEHNNLEEFPFPLPKSLERLLLGYNEISKLQTNAMDGLVNLTMLDLCYNYLHDSLLKDKIFAKMEKLMQLNLCSNRLESMPPGLPSSLMYLSLENNSISSIPEKYFDKLPKLHTLRMSHNKLQDIPYNIFNLPNIVELSVGHNKLKQAFYIPRNLEHLYLQNNEIEKMNLTVMCPSIDPLHYHHLTYIRVDQNKLKEPISSYIFFCFPHIHTIYYGEQRSTNGQTIQLKTQVFRRFPDDDDESEDHDDPDNAHESPEQEGAEGHFDLHYYENQE
ITPR2	ENST00000242737.5_1	chr12_26874258_26874275_26875330_26875488_26877589_26877675_26878583_26878698_26943090_26943160_26985623_26985714_-	MTEKMSSFLYIGDIVSLYAEGSVNGFISTLGLVDDRCVVHPEAGDLANPPKKFRDCLFKVCPMNRYSAQKQYWKAKQAKQGNHTEAALLKKLQHAAELEQKQNESENKKLLGEIVKYSNVIQLLHIKSNKYLTVNKRLPALLEKNAMRVSLDAAGNEGSWFYIHPFWKLRSEGDNDASFWI
OSGIN1	ENST00000343939.6_1	chr16_83991277_83991343_83992865_83993001_83994174_83994365_83994586_83994677_83998667_83999609_+	MSSSRKDHLGASSSEPLPVIIVGNGPSGICLSYLLSGYTPYTKPDAIHPHPLLQRKLTEAPGVSILDQDLDYLSEGLEGRSQSPVALLFDALLRPDTDFGGNMKSVLTWKHRKEHAIPHVVLGRNLPGGAWHSIEGSMVILSQGQWMGLPDLEVKDWMQKKRRGLRNSRATAGDIAHYYRDYVVKKGLGHNFVSGAVVTAVEWGTPDPSSCGAQDSSPLFQVSGFLTRNQAQQPFSLWARNVVLATGTFDSPARLGIPGEALPFIHHELSALEAATRVGAVTPASDPVLIIGAGLSAADAVLYARHYNIPVIHAFRRAVDDPGLVFNQLPKMLYPEYHKVHQMMREQSILSPSPYEGYRSLPRHQLLCFKEDCQAVFQDLEGVEKVFGVSLVLVLIGSHPDLSFLPGAGADFAVDPDQPLSAKRNPIDVDPFTYQSTRQEGLYAMGPLAGDNFVRFVQGGALAVASSLLRKETRKPP
KLK6	ENST00000599881.5_1	chr19_51462423_51462572_51465000_51465136_51466558_51466681_-	MLLRLARPAKLSELIQPLPLERDCSANTTSCHILGWGKTADGDFPDTIQCAYIHLVSREECEHAYPGQITQNMLCAGDEKYGKDSCQGDSGGPLVCGDHLRGLVSWGNIPCGSKEKPGVYTNVCRYTNWIQKTIQAK
KLK6	ENST00000599881.5_1	chr19_51466726_51466805_51471321_51471360_-	MKKLMVVLSLIAAGIFRSSWGSITFGKGRVPRSRVLLSGL
